{
	"info": {
		"_postman_id": "3a0f0ecd-ffcc-44fb-a282-45c71395c1eb",
		"name": "Weekend Project",
		"description": "This is the API Documentation for Weekend Project.",
		"schema": "https://schema.getpostman.com/json/collection/v2.1.0/collection.json",
		"_exporter_id": "30514905"
	},
	"item": [
		{
			"name": "List All Courses",
			"request": {
				"method": "GET",
				"header": [],
				"url": {
					"raw": "https://localhost:7198/api/Courses",
					"protocol": "https",
					"host": [
						"localhost"
					],
					"port": "7198",
					"path": [
						"api",
						"Courses"
					]
				},
				"description": "List all courses present in the Courses Table of Database."
			},
			"response": []
		},
		{
			"name": "Task 9-1",
			"request": {
				"method": "GET",
				"header": [],
				"url": {
					"raw": "https://localhost:7198/api/Task9_1_",
					"protocol": "https",
					"host": [
						"localhost"
					],
					"port": "7198",
					"path": [
						"api",
						"Task9_1_"
					]
				},
				"description": "List all Students older than 20."
			},
			"response": []
		},
		{
			"name": "Task 9-2",
			"request": {
				"method": "GET",
				"header": [],
				"url": {
					"raw": "https://localhost:7198/api/Task9_2_/1",
					"protocol": "https",
					"host": [
						"localhost"
					],
					"port": "7198",
					"path": [
						"api",
						"Task9_2_",
						"1"
					]
				},
				"description": "List all Students enrolled in a Specific Course."
			},
			"response": []
		},
		{
			"name": "Task 9-3",
			"request": {
				"method": "GET",
				"header": [],
				"url": {
					"raw": "https://localhost:7198/api/Task9_3_",
					"protocol": "https",
					"host": [
						"localhost"
					],
					"port": "7198",
					"path": [
						"api",
						"Task9_3_"
					]
				},
				"description": "Find the Most Popular Course."
			},
			"response": []
		},
		{
			"name": "List All Students",
			"request": {
				"method": "GET",
				"header": [],
				"url": {
					"raw": "https://localhost:7198/api/Students",
					"protocol": "https",
					"host": [
						"localhost"
					],
					"port": "7198",
					"path": [
						"api",
						"Students"
					]
				},
				"description": "Lists all Students present in the Students Table of Database."
			},
			"response": []
		},
		{
			"name": "Get course by ID",
			"request": {
				"method": "GET",
				"header": [],
				"url": {
					"raw": "https://localhost:7198/api/Courses/2",
					"protocol": "https",
					"host": [
						"localhost"
					],
					"port": "7198",
					"path": [
						"api",
						"Courses",
						"2"
					]
				},
				"description": "List the course by ID."
			},
			"response": []
		},
		{
			"name": "Get student by ID",
			"request": {
				"method": "GET",
				"header": [],
				"url": {
					"raw": "https://localhost:7198/api/Students/8",
					"protocol": "https",
					"host": [
						"localhost"
					],
					"port": "7198",
					"path": [
						"api",
						"Students",
						"8"
					]
				},
				"description": "List the Student by ID."
			},
			"response": []
		},
		{
			"name": "Add Course",
			"request": {
				"method": "PUT",
				"header": [],
				"body": {
					"mode": "raw",
					"raw": "{\r\n  \"courseName\": \"DMBS\"\r\n}",
					"options": {
						"raw": {
							"language": "json"
						}
					}
				},
				"url": {
					"raw": "https://localhost:7198/api/Courses",
					"protocol": "https",
					"host": [
						"localhost"
					],
					"port": "7198",
					"path": [
						"api",
						"Courses"
					]
				},
				"description": "Add a Course to Courses Table."
			},
			"response": []
		},
		{
			"name": "Add Student",
			"request": {
				"method": "PUT",
				"header": [],
				"body": {
					"mode": "raw",
					"raw": "{\r\n  \"firstName\": \"string\",\r\n  \"lastName\": \"string\",\r\n  \"age\": 20,\r\n  \"courseID\": 1\r\n}",
					"options": {
						"raw": {
							"language": "json"
						}
					}
				},
				"url": {
					"raw": "https://localhost:7198/api/Students",
					"protocol": "https",
					"host": [
						"localhost"
					],
					"port": "7198",
					"path": [
						"api",
						"Students"
					]
				},
				"description": "Add a Course to Students Table."
			},
			"response": []
		},
		{
			"name": "Update Course",
			"request": {
				"method": "PUT",
				"header": [],
				"body": {
					"mode": "raw",
					"raw": "{\r\n  \"courseName\": \"RDBMS\"\r\n}",
					"options": {
						"raw": {
							"language": "json"
						}
					}
				},
				"url": {
					"raw": "https://localhost:7198/api/Courses/9",
					"protocol": "https",
					"host": [
						"localhost"
					],
					"port": "7198",
					"path": [
						"api",
						"Courses",
						"9"
					]
				},
				"description": "Update Course info by Course ID"
			},
			"response": []
		},
		{
			"name": "Update Student",
			"request": {
				"method": "PUT",
				"header": [],
				"body": {
					"mode": "raw",
					"raw": "{\r\n\r\n  \"firstName\": \"Abdul\",\r\n  \"lastName\": \"Hadi\",\r\n  \"age\": 23,\r\n  \"courseID\": 5\r\n}",
					"options": {
						"raw": {
							"language": "json"
						}
					}
				},
				"url": {
					"raw": "https://localhost:7198/api/Students/13",
					"protocol": "https",
					"host": [
						"localhost"
					],
					"port": "7198",
					"path": [
						"api",
						"Students",
						"13"
					]
				},
				"description": "Update student info by StudentID."
			},
			"response": []
		},
		{
			"name": "Delete course",
			"request": {
				"method": "DELETE",
				"header": [],
				"url": {
					"raw": "https://localhost:7198/api/Courses/10",
					"protocol": "https",
					"host": [
						"localhost"
					],
					"port": "7198",
					"path": [
						"api",
						"Courses",
						"10"
					]
				},
				"description": "Delete Course by CourseID"
			},
			"response": []
		},
		{
			"name": "Delete Student",
			"request": {
				"method": "DELETE",
				"header": [],
				"body": {
					"mode": "raw",
					"raw": "{\r\n  \"courseName\": \"RDBMS\"\r\n}",
					"options": {
						"raw": {
							"language": "json"
						}
					}
				},
				"url": {
					"raw": "https://localhost:7198/api/Students/13",
					"protocol": "https",
					"host": [
						"localhost"
					],
					"port": "7198",
					"path": [
						"api",
						"Students",
						"13"
					]
				},
				"description": "Delete Student by StudentID."
			},
			"response": []
		}
	]
}